# Compute-only comparison, moving mesh (coordinates re-sent each call, BVH
# refit, connectivity resident). 16^3 blocks, 2000 receptor points each,
# one rank / one CUDA context, --batch --skip-dedup.
#
# CPU compute  = query-OBB filter + ADT build + tree walk + containment
# GPU compute  = cell-AABB kernel + BVH refit + traversal kernel
#                (includes cuBQL's per-level D2H build-state readbacks)
# hostwork     = host gather of per-block query arrays into one buffer and
#                scatter of donorId back per block; on the critical path in
#                the current implementation, would vanish if receptor points
#                were already device-resident
# transfer     = actual H2D/D2H memcpy
# dedup excluded on both sides (see GPU_SEARCH_SUMMARY.md)
#
# throughput in millions of receptor points located per second
what,seconds,Mqps,vs_cpu_1core,vs_cpu_72core
cpu_compute_1core_4608blk,15.7870,0.5838,1.00,
cpu_compute_72core_aggregate,0.2244,41.07,70.3,1.00
gpu_compute_moving_refit,0.0092,1007.0,1725,24.5
gpu_compute_static_cached,0.0052,1757.4,3011,42.8
gpu_compute_plus_hostwork_moving,0.0400,230.2,394,5.6
gpu_compute_plus_hostwork_static,0.0359,256.6,440,6.2
gpu_end_to_end_moving_incl_transfer,0.1009,91.3,156,2.2
