nx,eltype,ncells,nnodes,nq,qfrac,dup,builder,leaf,cpu_total,cpu_filter,cpu_build,cpu_dedup,cpu_query,cpu_cand,gpu_total,gpu_xfer,gpu_build,gpu_dedup,gpu_query,gpu_total_cached,gpu_cand,donors_cpu,donors_gpu,mismatch,mismatch_real,speedup_total,speedup_total_cached,speedup_query
16,hex,4096,4913,100000,1,0,0,0,0.098289,0.004389,0.001762,0.024161,0.067976,4096,0.025285,0.000159,0.000662,0.024200,0.000079,0.024435,4096,100000,100000,0,0,3.887,4.023,863.905
24,hex,13824,15625,100000,1,0,0,0,0.128283,0.004683,0.006949,0.024216,0.092434,13824,0.025411,0.000163,0.000832,0.024133,0.000098,0.024406,13824,100000,100000,0,0,5.048,5.256,945.558
32,hex,32768,35937,100000,1,0,0,0,0.153369,0.005115,0.016984,0.024275,0.106994,32768,0.025785,0.000450,0.000869,0.024198,0.000084,0.024390,32768,100000,100000,0,0,5.948,6.288,1279.148
40,hex,64000,68921,100000,1,0,0,0,0.189331,0.006006,0.035114,0.024219,0.123988,64000,0.026143,0.000571,0.001052,0.024229,0.000106,0.024464,64000,100000,100000,0,0,7.242,7.739,1168.511
48,hex,110592,117649,100000,1,0,0,0,0.223745,0.007222,0.064087,0.024117,0.128315,110592,0.026328,0.000791,0.001119,0.024129,0.000105,0.024309,110592,100000,100000,0,0,8.498,9.204,1225.552
64,hex,262144,274625,100000,1,0,0,0,0.339053,0.012645,0.158558,0.024237,0.143612,262144,0.027472,0.001563,0.001425,0.024211,0.000089,0.024409,262144,100000,100000,0,0,12.342,13.890,1616.721
80,hex,512000,531441,100000,1,0,0,0,0.546488,0.018765,0.326964,0.024199,0.176554,512000,0.028597,0.002433,0.001749,0.024093,0.000135,0.024443,512000,100000,100000,0,0,19.110,22.358,1310.256
96,hex,884736,912673,100000,1,0,0,0,0.852022,0.029365,0.599753,0.024278,0.198619,884736,0.030510,0.003791,0.002288,0.024112,0.000134,0.024400,884736,100000,100000,0,0,27.926,34.919,1485.643
112,hex,1404928,1442897,100000,1,0,0,0,1.295929,0.044451,0.985748,0.024284,0.241440,1404927,0.033097,0.005511,0.003005,0.024256,0.000137,0.024440,1404928,100000,100000,0,0,39.155,53.026,1768.699
