cells,queries,cpu_search,gpu_search,gpu_cached,cpu_walk,gpu_walk,mismatch_real
4096,10000,1.0455,11.8906,121.9512,1.3912,303.0303,0
4096,100000,1.3222,88.8099,300.3003,1.4432,1333.3333,0
4096,1000000,1.3504,256.1475,351.7411,1.4394,2493.7656,0
4096,4000000,1.3586,298.6189,328.6501,1.4465,2728.5130,0
13824,10000,0.5797,9.5877,108.6957,1.0579,222.2222,0
13824,100000,0.9547,72.2543,279.3296,1.0743,1075.2688,0
13824,1000000,1.0154,235.1834,331.2355,1.0713,1785.7143,0
13824,4000000,1.0226,279.6225,313.0625,1.0723,1874.4142,1
32768,10000,0.3410,9.0744,121.9512,0.9215,285.7143,0
32768,100000,0.7718,59.1716,297.6190,0.9324,1298.7013,0
32768,1000000,0.8775,230.3617,342.9355,0.9288,2320.1856,0
32768,4000000,0.8986,282.1073,325.4943,0.9398,2472.1879,0
110592,10000,0.1219,4.7551,106.3830,0.7275,208.3333,0
110592,100000,0.4935,42.5532,280.1120,0.7647,961.5385,0
110592,1000000,0.7063,187.9346,324.8863,0.7670,1644.7368,0
110592,4000000,0.7307,256.0000,307.1017,0.7645,1721.1704,0
262144,10000,0.0545,2.8177,119.0476,0.6872,250.0000,0
262144,100000,0.3194,28.5307,283.2861,0.7099,1123.5955,0
262144,1000000,0.6193,150.2404,335.5705,0.7126,2028.3976,0
262144,4000000,0.6736,242.1308,320.0000,0.7148,2154.0118,0
512000,10000,0.0277,1.8594,106.3830,0.5549,175.4386,0
512000,100000,0.1791,18.2715,261.7801,0.4774,763.3588,0
512000,1000000,0.4754,117.5779,304.0438,0.5833,1201.9231,0
512000,4000000,0.5411,204.8760,290.3390,0.5822,1277.1392,0
884736,10000,0.0155,1.3198,108.6957,0.4719,181.8182,0
884736,100000,0.1202,12.7567,253.1646,0.5099,746.2687,0
884736,1000000,0.3846,90.0414,302.1148,0.5198,1179.2453,0
884736,4000000,0.3540,181.2087,288.1637,0.3813,1241.0797,0
1404928,10000,0.0096,0.9093,108.6957,0.3846,169.4915,0
1404928,100000,0.0727,8.9174,251.8892,0.2991,757.5758,0
1404928,1000000,0.2916,66.8986,298.2404,0.4258,1126.1261,0
1404928,4000000,0.2938,152.9812,285.1847,0.3225,1182.7321,0
